wl,f
29978245.8,1.7877416368026867e-26
27280203.678,1.7877416368026842e-26
24582161.556,1.7877416368026867e-26
21884119.434,1.7877416368026867e-26
19186077.312,1.7877416368026842e-26
16488035.190000001,1.7877416368026867e-26
13789993.068,1.7877416368026842e-26
11091950.946000002,1.7877416368026867e-26
8393908.824000001,1.7877416368026867e-26
5695866.702,1.7877416368026856e-26
2997824.58,1.7877416368026856e-26
